Workbook

Sheet Sheet1
A1: EMP ID | B1: NAME | C1: BASIC | D1: HRA | E1: ALLOWANCE | F1: DAYS WORKED | G1: TOTAL DAYS | H1: GROSS SALARY | I1: ADJUSTED SALARY | J1: PF | K1: TDS | L1: NET SALARY | M1: ERROR CHECK
A2: E001 | B2: Arun | C2: 15000 | D2: 7000 | E2: 8000 | F2: 30 | G2: 30 | H2: =C2+D2+E2 -> 30000 | I2: =H2/G2*F2 -> 30000 | J2: =C2*12% -> 1800 | K2: =IF(I2>30000,10%*I2,5%*I2) -> 1500 | L2: =I2-J2-K2 -> 26700 | M2: =IF(F2>G2,"ERROR","OK") -> OK
A3: E002 | B3: Rahul | C3: 18000 | D3: 8000 | E3: 9000 | F3: 26 | G3: 30 | H3: =C3+D3+E3 -> 35000 | I3: =H3/G3*F3 -> 30333.333 | J3: =C3*12% -> 2160 | K3: =IF(I3>30000,10%*I3,5%*I3) -> 3033.3333 | L3: =I3-J3-K3 -> 25140 | M3: =IF(F3>G3,"ERROR","OK") -> OK
A4: E003 | B4: Neha | C4: 20000 | D4: 9000 | E4: 10000 | F4: 25 | G4: 30 | H4: =C4+D4+E4 -> 39000 | I4: =H4/G4*F4 -> 32500 | J4: =C4*12% -> 2400 | K4: =IF(I4>30000,10%*I4,5%*I4) -> 3250 | L4: =I4-J4-K4 -> 26850 | M4: =IF(F4>G4,"ERROR","OK") -> OK
A5: E004 | B5: Priya | C5: 22000 | D5: 10000 | E5: 11000 | F5: 28 | G5: 30 | H5: =C5+D5+E5 -> 43000 | I5: =H5/G5*F5 -> 40133.333 | J5: =C5*12% -> 2640 | K5: =IF(I5>30000,10%*I5,5%*I5) -> 4013.3333 | L5: =I5-J5-K5 -> 33480 | M5: =IF(F5>G5,"ERROR","OK") -> OK
A6: E005 | B6: Kiran | C6: 14000 | D6: 6000 | E6: 7000 | F6: 27 | G6: 30 | H6: =C6+D6+E6 -> 27000 | I6: =H6/G6*F6 -> 24300 | J6: =C6*12% -> 1680 | K6: =IF(I6>30000,10%*I6,5%*I6) -> 1215 | L6: =I6-J6-K6 -> 21405 | M6: =IF(F6>G6,"ERROR","OK") -> OK
A7: E006 | B7: Anjali | C7: 25000 | D7: 12000 | E7: 13000 | F7: 30 | G7: 30 | H7: =C7+D7+E7 -> 50000 | I7: =H7/G7*F7 -> 50000 | J7: =C7*12% -> 3000 | K7: =IF(I7>30000,10%*I7,5%*I7) -> 5000 | L7: =I7-J7-K7 -> 42000 | M7: =IF(F7>G7,"ERROR","OK") -> OK
A8: E007 | B8: Rohan | C8: 17000 | D8: 7500 | E8: 8500 | F8: 24 | G8: 30 | H8: =C8+D8+E8 -> 33000 | I8: =H8/G8*F8 -> 26400 | J8: =C8*12% -> 2040 | K8: =IF(I8>30000,10%*I8,5%*I8) -> 1320 | L8: =I8-J8-K8 -> 23040 | M8: =IF(F8>G8,"ERROR","OK") -> OK
A9: E008 | B9: Sneha | C9: 21000 | D9: 9500 | E9: 10500 | F9: 29 | G9: 30 | H9: =C9+D9+E9 -> 41000 | I9: =H9/G9*F9 -> 39633.333 | J9: =C9*12% -> 2520 | K9: =IF(I9>30000,10%*I9,5%*I9) -> 3963.3333 | L9: =I9-J9-K9 -> 33150 | M9: =IF(F9>G9,"ERROR","OK") -> OK
A10: E009 | B10: Vikram | C10: 16000 | D10: 7000 | E10: 8000 | F10: 28 | G10: 30 | H10: =C10+D10+E10 -> 31000 | I10: =H10/G10*F10 -> 28933.333 | J10: =C10*12% -> 1920 | K10: =IF(I10>30000,10%*I10,5%*I10) -> 1446.6667 | L10: =I10-J10-K10 -> 25566.667 | M10: =IF(F10>G10,"ERROR","OK") -> OK
A11: E010 | B11: Meera | C11: 19000 | D11: 8500 | E11: 9500 | F11: 26 | G11: 30 | H11: =C11+D11+E11 -> 37000 | I11: =H11/G11*F11 -> 32066.667 | J11: =C11*12% -> 2280 | K11: =IF(I11>30000,10%*I11,5%*I11) -> 3206.6667 | L11: =I11-J11-K11 -> 26580 | M11: =IF(F11>G11,"ERROR","OK") -> OK
A12: E011 | B12: Ajay | C12: 23000 | D12: 10500 | E12: 11500 | F12: 30 | G12: 30 | H12: =C12+D12+E12 -> 45000 | I12: =H12/G12*F12 -> 45000 | J12: =C12*12% -> 2760 | K12: =IF(I12>30000,10%*I12,5%*I12) -> 4500 | L12: =I12-J12-K12 -> 37740 | M12: =IF(F12>G12,"ERROR","OK") -> OK
A13: E012 | B13: Pooja | C13: 17500 | D13: 8000 | E13: 9000 | F13: 27 | G13: 30 | H13: =C13+D13+E13 -> 34500 | I13: =H13/G13*F13 -> 31050 | J13: =C13*12% -> 2100 | K13: =IF(I13>30000,10%*I13,5%*I13) -> 3105 | L13: =I13-J13-K13 -> 25845 | M13: =IF(F13>G13,"ERROR","OK") -> OK
... A31: E030 | B31: Preeti | C31: 17500 | D31: 8000 | E31: 9000 | F31: 29 | G31: 30 | H31: =C31+D31+E31 -> 34500 | I31: =H31/G31*F31 -> 33350 | J31: =C31*12% -> 2100 | K31: =IF(I31>30000,10%*I31,5%*I31) -> 3335 | L31: =I31-J31-K31 -> 27915 | M31: =IF(F31>G31,"ERROR","OK") -> OK

Sheet Pay slip
H3: EMPLOYEE PAYSLIP
H4: Employee ID:
H6: Name: | I6: =VLOOKUP(I4,Sheet1!A:M,2,FALSE) -> #N/A
H8: ---------------------------------
H9: EARNINGS
H10: Basic Salary: | I10: =VLOOKUP(I4,Sheet1!A:M,3,FALSE) -> #N/A
H11: HRA: | I11: =VLOOKUP(I4,Sheet1!A:M,4,FALSE) -> #N/A
H12: Allowance: | I12: =VLOOKUP(I4,Sheet1!A:M,5,FALSE) -> #N/A
H13: Gross Salary: | I13: =VLOOKUP(I4,Sheet1!A:M,8,FALSE) -> #N/A
H15: ---------------------------------
H16: DEDUCTIONS
H17: PF: | I17: =VLOOKUP(I4,Sheet1!A:M,10,FALSE) -> #N/A
H18: TDS: | I18: =VLOOKUP(I4,Sheet1!A:M,11,FALSE) -> #N/A
H20: ---------------------------------
H21: Net Salary: | I21: =VLOOKUP(I4,Sheet1!A:M,12,FALSE) -> #N/A
